Col_1,Col_2,Col_3,Col_4,Col_5,Col_6,Col_7,Col_8,Col_9,Col_10,Col_11,Col_12,Col_13,Col_14,Col_15,Col_16,Col_17,Col_18,Col_19,Col_20,Col_21,Col_22,Col_23,Col_24,Col_25,Col_26,Col_27,Col_28,Col_29,Col_30,Col_31,Col_32,Col_33,Col_34,Col_35,Col_36,Col_37,Col_38,Col_39,Col_40,Col_41,Col_42,Col_43,Col_44,Col_45,Col_46,Col_47,Col_48,Col_49,Col_50
-949.98,,,353.4,-826.12,,,,,,,89.88,,618.86,,396.28,,,-326.81,,,207.45,459.46,,-242.93,658.81,723.41,409.14,,,,,,,,-270.34,,,,296.07,-657.72,-673.2,,280.0,369.23,552.0,,,,
,752.74,,-208.74,-82.3,,,-474.52,795.65,,,19.05,,,,584.16,,,,58.23,721.56,,363.42,,,-776.9,,,751.71,,,,741.04,,217.94,,78.76,60.71,,,,757.44,-384.97,,893.9,,,,531.67,
,,,-153.72,,,-597.7,,299.76,,,,,,-539.77,,,-542.12,719.27,,,-571.53,,142.09,,614.99,,,,,,346.73,-803.16,,,-502.69,,,,,,-113.74,100.65,,672.06,852.73,-667.38,,,
,,-469.59,-89.98,,990.85,436.82,,,158.36,,-885.67,5.7,-685.13,-839.78,,350.43,,,-507.57,238.76,,45.57,-591.48,-522.63,,-400.01,,-854.91,,992.19,,,,761.73,-260.95,,407.08,974.47,-984.35,-401.24,877.86,,,,-455.3,435.22,,-472.03,
692.21,,,,,274.23,,103.36,,,,807.86,,165.02,,,,592.24,797.85,,,,768.27,,-690.89,729.21,621.54,-950.43,-335.63,604.47,621.5,,-783.81,717.19,,-79.39,,-544.81,,,,933.78,,-200.64,72.43,-769.32,-642.86,-469.07,,
-372.65,22.85,,-490.55,-996.62,76.9,483.9,-271.56,,-339.6,,439.51,,,,,,,,354.64,231.03,,,,,,309.41,,,,,592.05,,,,-329.62,502.28,-550.72,,,,,-854.34,,-611.13,-11.25,,-988.91,540.09,
,,35.92,,,-87.08,335.16,190.9,782.85,438.55,,95.74,487.31,,,,531.63,,-450.81,,,,,,,,412.84,,,,,,,168.16,713.46,-239.24,,,706.9,-161.96,92.26,-558.92,,,,,-191.37,,,
-946.07,,-945.8,-728.6,,,,,,-241.75,663.85,,,,,-300.08,562.47,508.47,-601.28,,,,127.94,,533.8,,495.85,,929.44,,,,916.35,,-848.01,254.48,,700.59,-757.89,565.27,,,,,,644.66,,271.17,414.62,
930.95,,76.35,,,-463.21,661.46,,-512.27,,-242.02,,-636.32,,-319.32,402.37,,,-828.77,-22.84,381.22,-18.36,-813.89,,-387.59,-53.48,,,-338.42,-458.17,,,,,,-629.7,,,953.21,,,,,,,,,,106.72,-747.44
-18.24,148.13,,,,,-44.54,-198.59,,-892.78,,-392.33,-763.1,212.64,-548.63,,,,980.06,,219.26,895.18,,,-685.89,,,,,-417.48,,405.98,,847.82,250.12,867.34,,,816.82,-857.18,,,138.41,,,399.47,0.94,,,
,,,,671.92,901.57,344.56,,,-59.0,832.15,,269.57,,,,,715.47,,-423.56,627.13,-90.35,,,-191.65,,315.32,,,,,250.82,-592.88,,-123.77,-757.15,217.74,,,104.5,,825.86,,,-3.25,17.74,,960.49,,-232.83
16.48,728.05,,-170.12,15.48,-434.32,,997.8,,,,,86.86,,,,143.6,,-912.71,410.46,-227.84,641.5,-9.34,,,739.4,-119.39,,,-180.04,-691.28,,-322.88,299.67,704.68,-239.98,,518.8,-928.2,,841.86,493.53,,,745.16,,806.85,,-413.26,
,,585.04,,,239.42,,-713.76,,,,,802.42,-684.05,,,277.88,,,-601.57,,,,149.62,-409.54,316.46,,371.6,-901.91,-6.55,-427.61,214.13,,241.78,441.86,676.67,806.81,-382.13,,464.72,,,-648.72,,,61.7,660.95,,-36.3,493.12
,,-718.49,720.28,959.88,609.18,,-972.16,,,344.68,644.83,-783.31,,,122.81,-557.27,,818.78,,,,-391.27,,,-728.67,,486.28,-161.75,-690.95,,,,,-934.57,,,710.9,,88.93,-282.65,,,,-90.57,283.41,-957.29,-512.86,,-862.78
-585.69,,-342.88,,-994.33,-710.62,,,,-948.44,,-524.14,,,,52.17,-47.51,26.48,,,-913.27,733.96,,,-878.35,,,-19.46,-853.02,,-868.64,,96.71,,61.11,,-801.64,705.59,537.93,-569.95,,,,,,,,-251.4,,-865.73
-813.54,,623.54,172.93,-340.71,,,500.57,442.12,200.82,,-574.52,-551.51,,-264.88,148.2,690.31,636.85,285.4,,658.92,,,-382.03,,,132.64,,,-938.69,-569.73,,,,553.67,-830.09,,,347.94,,-28.68,,,-772.36,,,-26.73,-909.17,,-984.63
,,,,,,-648.61,,0.52,612.4,,-915.4,,724.22,146.8,-164.61,,,,236.25,839.54,,-513.37,47.93,,,,,,,,,-301.25,637.9,-527.46,,,520.43,-645.71,-11.77,519.75,,128.98,249.04,254.43,,,,,
,,,,,-846.54,710.59,14.14,,583.64,-100.53,303.67,,,,,,-313.12,9.1,,,,,,,,,,,578.45,-868.18,,-431.71,313.13,746.56,,-717.14,,396.96,,876.0,,,626.37,657.92,370.83,,-153.19,,
,bing,bing,bing,,bing,-846.54,710.59,14,,583.64,-100,67,,,,,,-313.12,9.1,,,,,,,,,,,,,-431.71,313.13,746.56,,-717.14,,396.96,,876.0,,,626.37,657.92,370.83,,-153.19,,
,,-27.46,,,,-797.72,670.24,-924.51,,-737.9,,,542.2,-668.92,,,-524.94,,,-102.14,,,-61.97,-264.32,968.88,,,,,633.78,-723.2,,748.23,-794.82,702.33,,-454.42,-705.3,,-555.92,,,,,,,-250.17,,678.35
582.76,,,392.14,,-102.8,,,,97.61,55.54,,,,,,-85.77,,193.48,,,,,,-518.87,,-828.77,-864.64,,,108.3,,,962.08,,,-310.4,256.51,470.37,,,,-649.82,-70.75,263.47,-873.8,-84.64,,,
,30.77,86.06,,-617.79,,731.6,,,,486.62,-226.71,-7.59,,38.55,454.16,,644.68,,,,-387.01,-147.77,-296.91,,-294.88,-450.89,895.81,,-273.38,358.82,-714.44,562.62,,,-267.34,,210.19,897.65,,147.84,,,-500.78,,-1.91,,-476.45,,
-428.85,-17.6,,-95.91,-109.78,,691.04,,,,,702.72,854.65,587.39,,,,,-947.43,-262.18,103.29,-827.57,,437.74,,646.68,,284.68,,-310.97,560.53,-636.07,-134.76,-889.17,,,,,-307.95,789.85,-498.79,101.68,,,,,,-691.61,441.27,685.06
650.47,,,153.54,533.92,,-3.92,-420.66,-34.11,369.98,,,,,,,-374.84,468.4,950.75,,,-361.77,,,,,,,-503.46,-680.6,,-374.57,-3.47,,,,,10.89,-569.71,,,,308.52,,,-138.14,455.02,-268.13,,-610.69
-852.94,,-440.56,360.8,,-212.19,-321.83,509.93,,,,,,,,,31.01,,-675.0,478.64,,,64.68,-400.42,-263.28,959.8,593.51,376.09,,,565.81,155.27,167.05,,239.47,-704.45,-936.86,-780.21,,,,-179.25,841.04,471.67,,,,,50.95,
,-315.35,,441.85,386.63,-615.47,,-550.27,-404.77,,,-365.92,,590.81,,,-240.61,636.75,609.23,,,-307.27,,,,,,392.34,,173.66,,62.08,-895.02,,-798.91,-989.64,858.2,,756.8,,,-357.66,815.87,,70.3,873.34,-649.87,-648.42,994.34,
,924.26,753.49,,-785.4,-430.88,86.6,,702.12,,,,,,,,581.54,514.57,,794.09,30.56,,-630.44,,,,,,908.07,,-977.13,385.54,,,,,,407.11,,,-409.92,-561.74,,,211.48,,,,,-563.18
,746.27,,,-843.79,-876.48,,,-700.3,,,,,-818.12,,-93.14,,,,,446.56,,491.61,-909.42,,,869.17,,-936.53,,531.66,291.76,,-235.04,813.53,,323.59,,-304.46,,,,-554.62,,,,88.89,,-504.98,
,450.05,,-161.52,767.51,,,,,406.57,,-195.47,,,-887.11,,,463.03,,345.06,,,,-557.91,,,759.43,251.99,,,883.17,571.61,,,,,-52.96,-398.53,611.55,124.77,114.57,,,,844.45,-815.07,-619.04,,205.84,-623.67
448.61,-41.21,-334.07,-969.33,924.16,,-42.16,,-590.97,104.16,-238.68,,,,,,,-61.02,828.66,,,-557.45,,,158.29,,,,,-1.4,369.69,,933.02,-18.81,,-661.47,-23.37,84.27,-882.54,,890.38,528.68,,-537.13,-981.72,,,333.51,-33.59,
,-976.3,,,-965.71,348.07,819.55,,,,,,-465.35,,,,980.47,,695.73,716.44,-813.0,,-887.77,,,,,131.71,-809.28,,,,775.11,,,,798.62,-934.2,-371.03,174.07,425.42,,,,,-221.69,-336.54,-720.1,448.33,
-892.61,,-318.81,909.72,,-940.75,,-18.79,,-136.3,321.34,,596.11,-835.92,,267.8,-366.64,,,,,,,,,-183.91,,,,-351.14,,,,,810.42,143.92,,,,,,,,,,,,,187.61,
,,-335.57,608.15,,,719.02,-727.75,,-598.3,,937.45,,-17.99,-515.15,,-214.13,,184.45,,100.2,-76.76,-123.09,,637.93,-181.72,,-515.96,430.47,-852.07,-41.53,,,383.42,,-280.94,73.81,-830.04,315.2,,-911.41,354.94,,931.43,,,,,,150.47
,,177.18,,,,,,-767.86,-716.65,,,,,,,-362.18,,-769.83,295.94,-671.29,-512.17,,,916.93,,,,-135.73,,-605.35,-222.33,-588.43,617.46,,,-626.08,,,,55.43,193.94,174.01,,234.73,411.98,,-830.5,,
,,21.65,,,,,386.87,999.8,-20.72,,,,,,,,927.66,,,-168.74,-22.6,,,-415.82,,,,,531.84,,,,646.57,,-916.78,92.71,-795.17,502.69,,-100.54,,-121.86,551.26,,175.85,,265.54,,
,,,,,,,-421.33,,970.98,-809.55,571.38,984.97,-746.22,-500.65,656.96,352.47,,-462.57,,,760.25,,,,-261.86,-345.42,,465.45,-83.1,-283.55,,,,,,,-324.49,132.28,,,-903.18,,-80.84,,-117.43,,-595.36,-736.17,-682.05
-451.96,-499.22,,-668.95,,,-531.71,407.4,,,,,-981.43,634.22,-155.37,,,,-795.15,,-725.74,506.32,,-714.29,,,-119.8,256.16,,,719.93,,,179.15,,-370.99,,,,200.02,557.94,695.78,-396.7,,,-408.92,,909.34,,
,56.57,973.77,-736.03,136.76,,525.45,540.73,,,,,,13.22,2.1,,-835.14,,-445.06,,,,72.78,,669.05,-867.77,459.92,-884.19,,,,-381.42,481.32,,403.0,,46.01,441.53,,,-462.47,542.86,,-456.04,,153.3,,,,
-264.62,,,445.56,,,,-510.9,,,,714.97,827.9,-161.26,,,-457.48,,,,-641.31,962.83,-862.15,,,-345.4,-984.06,,-392.18,-72.15,-13.28,-609.16,520.96,,,,,,754.4,-997.08,698.01,-792.1,,,,,423.3,,794.57,
-255.02,-830.2,,,-850.34,-130.03,-526.46,,,401.45,-363.88,,,,169.42,,,,,,-584.73,,,,,652.77,-919.34,-344.41,,,,,-479.67,-937.84,,,-500.29,,-720.41,,965.13,,-255.52,289.37,-482.36,-956.4,,-113.14,,658.71
,,,,643.37,,,-654.39,,,,-930.7,-508.43,,,-878.04,,,,51.63,604.34,978.81,-281.78,,,4.79,,,,,557.08,,58.86,999.21,-799.73,-466.95,834.52,,-561.18,594.78,,690.44,,612.42,827.96,,895.12,126.22,,763.25
,,,,,,,,-597.07,,837.56,-352.82,,834.45,692.96,921.12,,-208.81,,,,,583.69,298.36,,387.12,573.98,,-649.3,,-745.3,897.58,-216.8,930.37,,842.08,-558.21,873.38,,-524.01,-664.23,-822.55,278.21,-106.74,,,,,,
,938.2,-13.84,,,,,301.94,-674.69,,-410.18,,-851.6,,,94.09,-813.79,227.29,,,-670.01,-685.79,,,,444.08,-469.47,,,,679.71,,,,,200.43,,,,,,-383.29,,,-817.73,,,-261.2,,
,,,,334.94,,,,179.45,681.59,-162.74,,-50.35,-47.48,,428.61,,600.9,240.55,,-654.24,944.33,-747.63,,-129.21,254.45,-484.23,828.35,,,,,,,573.1,45.12,,,,516.75,849.86,-798.02,,,,,,,-925.07,
,387.32,,-337.01,,841.67,-959.53,-393.89,,,-803.57,-731.23,-113.78,-461.16,,-624.13,,481.89,734.38,30.54,,,,,758.67,,,673.95,,,409.27,,10.25,-752.25,,,-644.83,173.76,,,497.92,-429.86,,,929.84,294.76,-461.83,,,535.15
,294.74,-983.07,,-389.08,285.48,,,,,,648.62,,,,686.57,,218.1,,,,281.19,-477.71,784.75,,,799.37,604.73,321.06,442.57,994.94,,,,,144.08,,-555.27,,813.05,14.63,681.28,-637.73,,,,525.84,,-328.74,
,-385.83,-337.37,,,-58.93,167.15,-857.57,0.95,-236.66,,,-725.27,,,813.24,,,557.88,,-646.35,-990.57,,-662.79,-20.85,-823.92,266.98,,-233.37,,,,,,-618.85,253.37,,-311.3,,,-665.96,-403.6,,192.74,,990.94,,-281.5,,836.41
,,-737.59,179.39,,,-925.27,-488.42,,,323.94,-960.52,-166.45,,,,,260.62,,324.97,,-725.67,-790.17,-764.53,,,,,,,,-409.3,,,,-338.79,,813.76,338.04,,,,-797.42,,,-407.96,,,,
,-374.59,-810.0,-908.22,326.71,,,,756.95,,-634.26,,-456.33,,599.8,593.82,,-882.71,-681.21,,604.53,-637.48,,,,677.07,-738.69,-774.13,,,,,355.86,153.3,955.79,-323.4,,-809.52,-502.85,,-230.25,116.69,-890.87,-686.15,703.74,-850.27,,,-899.3,
-193.45,,,-103.8,-105.86,,,-794.71,,-999.66,,238.13,,,,900.71,,,,,239.52,,431.83,,-556.51,,928.87,,,-908.44,,,443.12,,-624.91,-214.21,,433.58,,,674.93,544.29,,912.38,,,,,677.63,
,-645.6,460.99,,,765.39,,,831.82,-452.81,940.98,,,,496.85,,721.42,871.02,-598.22,-418.84,,962.67,916.65,,-355.24,,,,334.31,,682.78,,616.61,,,,-600.2,-678.13,,,381.19,,-935.39,-795.04,478.98,484.83,-524.81,597.64,,852.97
,951.65,,-974.07,,561.85,659.97,409.26,510.22,,552.29,-411.64,,-626.05,,,,,-739.87,-489.97,,-690.39,,,,231.22,-18.9,-283.83,-364.28,,,,,,,,,,,,,61.0,647.38,-982.39,-108.67,227.4,917.79,-358.13,889.98,
,,644.22,,-108.89,,-614.98,,-665.21,75.95,,,547.16,-151.58,,,952.45,293.12,493.78,,,,,,116.17,-544.71,,,-133.95,,69.67,236.7,171.22,-854.82,-787.73,-397.3,,-124.65,,-52.02,,,,91.45,-711.85,828.34,458.65,,107.05,-753.53
,74.3,-390.62,807.09,,,25.11,,,-611.35,,704.5,864.74,-77.47,,,,,-25.62,,,-799.91,800.24,,,-388.65,131.1,,,,,,,-127.75,-731.39,755.77,,,,-648.46,683.59,-720.0,,,-847.08,,,,,-189.73
812.61,86.94,-55.79,-268.36,,466.45,,,,,,695.96,228.07,,,,,318.83,471.84,,,,,,,,,-277.5,,,,-351.86,42.75,669.74,,,,-269.41,670.94,,,32.74,,-26.28,,3.67,,,,-576.97
,,-763.34,,440.51,,,,,-955.11,,-677.74,-921.62,-888.18,,,198.72,-962.76,323.49,,,,734.6,,201.68,640.91,,-470.96,-314.66,,-540.37,,,,8.72,,,,,-921.93,6.66,,,,655.04,549.74,44.09,,,
,579.11,,482.79,393.42,,,,,-433.47,-182.71,,578.84,-764.34,,375.53,,,,-492.73,-152.88,,,509.94,,-35.06,,-492.44,,,471.56,318.57,-106.81,-676.41,,,,394.11,-678.52,-989.42,,,-129.25,,,,,,227.93,
194.95,640.46,-122.06,,607.82,,,31.63,,,,,,,559.35,,,35.49,-862.77,,,830.02,,-446.98,-610.95,149.81,,,,,,605.88,752.23,149.79,932.11,539.93,922.48,,,-945.3,,,988.4,-540.14,,33.01,,-503.48,,642.15
,-46.89,,-461.85,366.21,-2.0,,745.48,,,,-688.01,,351.62,227.65,82.95,,,-15.32,794.0,-18.39,832.01,,,-891.7,-43.36,,,,-650.4,396.49,,-976.36,,-349.13,-480.6,,,,-268.15,,,-255.38,-440.74,,,-542.87,,,
,,,-700.9,-646.79,,698.78,,570.67,,135.67,,-879.93,-46.92,-100.29,,,863.69,,,,926.23,,298.26,,-289.78,-25.01,779.26,,,-710.3,,-325.22,143.28,-857.31,,,,,,-457.5,,-273.67,931.05,,,,324.05,401.39,
,,,96.87,,,-833.5,,,770.94,,,,-737.45,-942.86,720.74,,,81.17,,,395.25,,262.1,127.97,,-380.68,,,-116.28,,,,,695.89,,,,893.92,,,,,,,,,-210.5,,-220.55
,,,,819.91,369.28,,617.62,,-635.19,,235.46,,-624.42,,,,,,,454.21,,,,,,995.93,,-339.5,903.29,,-857.23,,,634.5,-756.08,-502.08,-114.08,-932.98,,42.28,-54.35,-375.78,,-915.63,41.85,,-602.55,727.32,
,-350.97,,,,-982.14,,-49.46,-257.2,,,,861.7,250.26,,402.66,-748.35,,577.12,611.05,,,-283.67,,-29.4,,,-620.45,,,-449.35,828.95,-862.25,,,,,,-241.91,,,552.03,,316.58,,,,,226.08,
-779.07,,,-740.45,-595.84,,,672.6,51.64,-488.12,,-858.25,-582.52,,-840.09,-878.6,876.49,,,647.29,,,,,921.17,,63.32,,,,-642.2,-169.63,,-284.07,,765.65,,,,,,-113.98,,,-350.69,,-138.82,216.83,-572.14,852.29
,-105.0,,965.91,35.22,-396.32,,,-956.6,379.44,,112.65,-690.57,,,,,-534.01,-816.19,,468.53,585.81,,379.19,815.31,-399.21,152.57,,,-304.14,-166.96,739.57,,204.6,,-235.03,,,,,,,,-214.23,,9.46,,,,
,-901.38,,,,-739.25,,-24.28,-607.8,471.34,,,-353.18,-820.81,-152.92,,,-951.59,,232.44,-115.58,,,-600.63,,705.53,,,853.46,640.27,,-777.44,,,,,,,,,-717.31,-963.22,327.06,,,,235.93,,-983.33,
,320.2,-961.84,298.82,,,-800.79,,63.12,,,,-957.02,,,,,,,,-527.59,2.5,251.58,780.8,-941.07,-439.61,,313.86,,,224.9,-545.14,,,819.47,,,,,,725.18,,47.61,,951.55,,834.22,,897.2,
,454.16,760.26,,,,788.26,-452.41,-786.46,,223.96,,-538.18,,-281.48,-46.8,,424.04,,-17.11,,,,-969.97,,,976.49,-867.73,971.26,-20.11,,,,,,-239.25,,484.94,50.46,573.84,,,-915.17,37.41,,115.4,,-901.41,,
,-77.31,,-890.91,,,-96.6,-773.66,875.68,-729.39,,,,425.27,,,,814.32,436.75,,,,,,,23.33,-242.64,,824.51,319.06,,-642.27,-160.84,,-107.48,-764.89,,,-493.78,,87.0,,-524.24,-48.58,,,-510.57,,115.1,-902.16
,-926.56,333.99,-403.12,-901.94,,,222.18,189.94,-645.16,,862.96,,,,,,,-414.33,,-451.16,,,224.11,,257.96,-32.67,867.78,-425.63,-367.02,,-292.29,,39.41,-14.99,,417.17,-996.84,,-764.15,599.13,-171.92,,275.01,,,,-384.45,,
,-317.28,231.99,,,,,832.33,291.3,,784.12,,,-172.09,670.21,,-368.99,,,599.07,-292.81,-439.08,,253.02,141.96,,729.19,410.53,,,,,,,-567.72,,,555.58,-112.45,,,,,464.88,,-713.41,644.28,353.43,,-81.26
44.69,,374.1,-825.85,,,,-375.04,-375.71,-358.24,,,,,,,,,28.12,,,,,-433.46,,,-322.52,,,,-788.15,,,,185.51,398.73,-375.12,425.8,66.97,511.49,,,839.38,,,420.43,,,,233.88
-215.85,330.36,764.81,,,,,,,208.88,,,593.52,,584.86,,,,95.9,-232.37,,181.94,-129.29,89.05,,-844.21,148.38,,-74.18,644.05,,-860.78,,542.69,,,-818.93,774.52,272.27,,,,,,-608.67,-366.8,826.41,,-130.55,-311.47
,,-191.61,,,,,,641.51,,731.36,,-211.46,,,,,-50.26,,,679.93,,340.13,,,,-26.6,,-830.67,-168.29,,208.86,,,,-99.91,,,155.88,-526.5,,,,,136.3,-773.67,,-715.83,967.16,557.74
,,-823.11,,920.82,,596.2,,,,-62.26,,,-157.97,596.45,,,498.85,127.41,,,,,617.79,-426.37,,,-444.3,,,-971.59,,,-697.73,,-477.49,-30.16,724.03,,,,-691.7,,540.74,,,-578.29,-309.85,510.97,
,,,504.86,,,-50.82,,-976.27,-102.36,923.53,-917.96,274.85,-136.43,716.71,,,,-217.69,498.18,177.45,,,-640.17,,663.38,,,,,,,,,,313.21,900.98,416.15,,-740.19,799.79,934.33,391.31,,,277.56,-447.23,,539.76,
,,-234.4,,,-470.67,,,220.6,,,,-563.23,825.22,-793.43,,-498.81,,-702.29,865.79,-467.13,809.24,30.77,-18.64,,561.87,80.26,,635.95,,870.08,,-198.77,917.65,,,-839.09,,295.59,,,,,792.92,-281.48,,470.65,,,185.89
,,,,,-101.39,-925.91,,-914.37,,334.63,,748.51,,849.63,,,-57.56,-908.4,-738.92,,,,-87.63,,635.6,,,-558.85,-147.58,964.39,-351.53,151.93,,586.2,186.17,,,,,106.82,,-918.6,,224.88,-968.74,,,,
773.83,,545.13,-587.68,46.17,,221.08,,,,254.38,-304.29,,,,,,,79.45,,318.65,,,370.49,-51.17,,-913.77,-429.87,,,516.82,,849.72,,-29.88,,442.81,-348.06,,-348.63,-347.74,,739.77,,,,,-710.12,-90.02,
,264.04,-595.58,,-880.7,,-82.84,,,207.27,276.0,-660.13,710.01,,-21.57,183.16,-441.66,472.36,,,783.65,-702.06,-989.84,-919.88,,-932.76,,,642.58,,,-975.15,899.87,,,-818.54,,,715.84,-951.17,,748.4,,-259.16,,720.77,,-334.19,,
,84.87,575.38,,471.52,,349.31,-778.07,,-268.86,,-865.99,-590.57,-522.73,,,160.24,-580.41,-549.13,,,-445.71,,,,,,356.62,,,599.81,617.59,-868.74,-84.25,,-423.25,-781.27,,-7.34,41.38,-413.66,82.87,,,,-416.97,,-535.34,289.34,
,-347.39,393.73,-109.49,,,-656.53,,,539.5,,,,,423.62,,678.66,332.71,,,,,,,,-930.62,,,,,,,-190.88,,,,,,951.2,,-52.18,,961.38,-705.83,813.76,,463.28,-721.15,-383.84,
-108.05,,,166.86,,-444.15,,,,-825.25,,,,886.8,-277.87,,-260.74,,,,748.6,,-111.56,607.37,,940.72,,-720.86,-827.84,,,973.28,,512.23,,,-170.97,420.49,-726.15,,,-915.53,669.17,,-73.1,,,,668.49,
785.37,,,-510.5,,,-866.55,162.13,736.69,-47.92,-760.83,,690.56,,,,-729.01,,,,-288.03,,,27.73,-633.51,,87.42,653.64,-397.86,376.69,,646.63,,,,,,-795.16,,,,226.86,51.31,,512.61,,,,846.82,
,,779.45,527.18,,-942.48,-555.28,-715.28,,,,,568.06,,514.67,,,26.96,,,,,509.1,840.2,,-630.44,,,883.69,-304.33,,,-516.35,-801.79,-972.03,,,,74.25,-802.63,,,-267.07,-120.67,-638.3,,,,,
-752.77,,,409.46,-918.78,,,,-375.99,-112.09,-418.82,-622.43,,-48.65,-641.41,-16.7,,,-829.99,,,-796.56,955.71,,-322.74,981.32,,450.4,,163.84,,287.66,,,-191.11,,,-783.93,,,-730.78,,,,944.15,,-694.53,-807.33,,535.14
-596.14,-19.5,,,93.24,-936.8,,-232.74,,,,,720.72,,-17.04,,-25.09,,320.16,144.42,,13.37,,,233.88,,-359.03,,,-302.25,-946.2,-317.49,,,,,-504.77,185.06,-869.0,,,,,,136.1,-466.76,175.98,-244.52,,616.65
,-328.07,,-320.92,-273.33,,,574.3,71.67,,,-195.95,,-816.08,-810.53,,,-49.46,,303.07,,-134.18,,,,-93.54,-638.8,,725.42,-574.09,484.42,,65.44,538.24,,253.52,,,,,-399.45,,,-871.14,,,292.09,,-188.27,
,,-71.68,-127.73,-925.99,,,,317.34,,927.57,,,-832.14,734.34,-185.99,,-819.39,448.47,,,865.87,,899.35,-496.38,-523.85,,-341.43,-220.1,-528.12,,,,-121.05,,-19.28,,-367.02,,926.63,873.94,,642.73,,211.63,324.45,381.36,-520.65,-381.46,-274.29
-755.89,715.29,,-214.05,-488.93,,-529.08,,831.78,758.93,-187.42,,646.4,-57.82,,434.77,640.48,396.96,,,626.86,-93.48,,,260.31,-727.82,,-372.56,,,,661.24,693.92,585.28,,,-478.64,653.54,-602.67,,,889.51,-551.03,846.22,253.25,948.26,,-662.49,,
,,,-765.3,-129.68,-92.58,-762.98,-618.91,564.24,,,,200.17,-434.07,-163.34,,,,,814.66,,-83.67,,,,373.7,416.91,-487.55,,,,,993.48,934.42,496.48,,,-394.99,,,119.12,-479.42,,755.79,,,,,,
,669.61,852.47,,225.86,-472.48,,-368.91,527.35,,314.84,-893.56,,,,,-127.14,854.41,,,-29.6,,733.76,,,-638.69,,,,171.35,943.25,,-167.16,,353.82,-948.08,361.28,,902.44,-692.45,,319.08,,188.41,,312.35,-350.17,468.64,138.32,
,-353.66,,,-237.22,,,731.03,,-674.12,-430.13,308.13,,,,-379.8,-737.43,664.11,,,-47.12,-153.86,621.99,-131.79,,,,,,-689.86,,49.36,,,-44.78,,,683.08,,,,,,,,,136.96,,,
,,-640.9,,,,-404.7,-90.0,247.62,,742.69,,,208.11,-787.34,,,,,,737.56,203.77,,947.84,,380.59,,,,,,,718.02,,299.48,,580.02,,,,,,,,927.73,,170.45,,667.68,
,426.19,697.23,191.68,-418.45,,,222.99,633.38,,56.62,,,,-165.73,,,-306.47,-958.39,,,,,,-321.69,684.93,-737.68,,919.61,346.21,591.95,689.06,-435.09,334.11,,,-798.19,,-392.7,,,,-285.91,,788.91,,,,-758.62,
,,,,-465.02,,30.77,412.81,-124.35,,-778.14,,564.31,647.22,,,741.74,-685.93,,,,-801.41,-330.78,,-121.78,,-509.37,-317.36,,,,-278.71,-696.78,-156.56,,-173.18,,,589.21,,,,,887.29,,,-671.35,,320.35,805.02
,426.74,39.56,,,107.22,,818.46,,,,400.59,,,,304.07,775.35,-190.99,,,,,480.1,,-432.14,,42.67,-679.95,,185.01,,453.02,-779.12,,,-291.05,,-750.5,,-93.71,610.78,131.19,255.49,,-299.33,,429.71,428.7,,
,645.69,,,656.88,,,-47.49,,,,37.89,,,,,,-20.92,647.62,,,-741.23,726.54,,,,888.14,,203.2,,,-919.44,,,-393.48,,-715.72,-902.7,778.11,,-22.41,,,-164.85,131.53,562.7,,211.42,9.53,
,,-349.57,329.0,,,,,780.09,291.83,414.42,592.32,122.09,,-615.15,153.71,,-621.21,,-759.43,-640.51,,-509.43,775.31,,213.71,,,-953.47,,,-365.24,,,,,,,,,,,-349.42,,,,,,,
-758.07,,172.06,,-229.9,,,,,,,,-461.68,350.19,,570.43,,,,-593.09,-253.39,564.05,,,-96.52,,,-421.5,-998.91,-35.63,678.98,,,170.32,,,126.16,,,,,-441.08,,914.83,,-314.73,,-94.56,,-316.74
,-968.25,292.89,,,345.41,,406.6,76.26,298.19,,,343.23,-294.01,654.93,,,394.06,,,-110.84,,,,-284.36,,-393.64,-531.48,,,,413.94,,,-207.83,138.2,,319.68,364.77,-869.28,,,,-544.07,,-616.3,983.9,65.88,,-92.15
281.93,-896.27,-134.9,-451.93,-66.83,,767.6,,,,,,,,-949.26,956.19,,,,,,-806.55,,185.06,-331.39,,,,,,,887.1,239.13,250.7,-828.93,,,,-869.94,,-116.16,,-868.42,118.52,,,,-533.78,319.45,
,759.88,-320.77,565.86,,,,,-864.91,-612.77,274.73,,,-110.75,,-879.02,,,508.75,,550.99,,,,,,356.6,,,717.4,,,,570.53,,389.56,199.52,,926.13,-162.61,,,-915.62,,,,,-521.96,905.18,
-589.37,,-274.37,,,,,,531.07,,,,,437.67,,-642.92,,821.3,,-242.15,-778.06,-389.86,,321.82,954.2,763.33,-869.24,,589.8,,,,953.96,,,-621.8,,-344.64,,745.7,936.77,-581.52,,,-870.25,,290.14,,,
,,431.3,,,,167.97,,,,-208.2,,142.74,-251.79,-731.34,,,,-69.49,-147.8,,,-365.96,,,,-281.81,,25.58,571.75,-803.18,,,,,,,367.08,,995.99,504.77,824.77,,,566.26,,,310.62,,
-701.44,,,-51.12,,515.24,-77.2,-373.85,,395.88,,,-250.6,-743.31,-980.64,668.6,,,-193.26,75.21,,,844.29,,-339.5,206.01,733.89,-591.59,,,,,-96.93,-813.52,,-935.88,-22.77,,,-432.36,,-860.04,,,,-178.28,,,,
,731.4,,,,-50.44,878.31,4.95,-449.12,,,,,51.71,758.48,,474.58,,-87.39,423.3,,619.97,,,466.49,,-633.11,-212.9,-520.61,-452.45,-416.22,396.09,-565.49,,105.65,-846.93,,-347.97,,,,,,499.47,,711.55,,,,-345.78
-30.48,,,,-719.49,683.13,,,,,,,,354.77,,,,,-567.67,673.0,282.02,794.02,,,,,534.23,-250.71,,,,-325.77,,-558.86,593.85,-664.23,,,,,-620.9,,,-758.39,,,,,,
,,299.89,,,,,966.2,,,700.93,,199.73,392.63,944.73,-335.91,767.93,,-35.74,,170.07,,-535.15,976.76,,793.56,,514.49,-880.15,,,,,,196.15,478.51,,,520.99,,296.09,,,-337.46,,,330.01,,439.0,-237.03
,,,-860.03,,-716.94,,,662.44,-527.38,,-377.07,-510.15,,,,,-456.28,-839.97,-203.51,,,,520.65,587.12,,,517.72,190.37,,-485.42,,,,-856.12,,,,,,,-17.09,880.57,-253.71,,176.62,,,-230.35,-611.54
,,444.49,,,392.91,853.04,-515.29,,261.91,394.94,-477.34,,-491.42,903.56,-975.33,288.79,-204.67,801.99,,,,-494.26,,316.97,,,,455.3,,553.38,,,860.03,,,632.78,,,49.92,466.08,,,-603.96,,-98.68,-628.72,,,-481.3
-182.42,248.84,-667.75,,,,,-44.21,-798.38,,-985.55,975.24,,,,973.79,864.26,,,,,998.89,881.98,-243.13,,,,,,450.44,-722.27,738.01,,630.1,,317.75,,,,915.09,-966.74,,,-348.95,,-199.67,-837.26,,861.69,714.2
468.56,,,,,713.61,,,-397.3,97.49,-663.89,,,-518.2,,319.49,,,-679.53,805.3,-559.25,,,-753.8,,,-819.12,743.88,532.67,287.97,,472.0,,123.8,616.89,,,,,874.42,-767.79,,908.14,-996.64,,,959.7,,,593.13
,-555.72,,,,,674.43,,,-708.26,602.58,197.76,,-753.07,413.04,,-9.95,-246.58,-333.71,-578.77,620.84,-894.87,-641.96,,,318.5,982.13,,,980.63,-217.87,,,-609.82,-212.46,,160.77,699.62,-84.93,,,-417.84,,,470.64,,151.36,976.97,,-145.78
851.97,,-640.73,,300.2,939.45,-192.01,,,,909.11,-249.26,590.65,555.46,300.62,,-265.35,,,,19.5,,145.26,,588.69,,,-132.69,-801.12,,590.45,,-960.51,72.83,-22.87,,427.5,-751.82,931.36,-638.67,-640.12,601.03,,,,,702.9,,12.3,
,,-999.83,,38.89,318.32,,390.2,,-295.77,,,,-525.8,,,914.85,-567.92,,,-851.28,,,-199.88,,,,71.81,,990.72,-614.75,,641.02,-160.63,,-132.75,,-844.95,,,,,-274.36,,,-548.47,,,-242.74,
-648.54,-386.9,-20.76,,730.8,214.93,-658.51,-220.87,,936.0,,699.26,,,,,,,,-894.27,949.0,-501.78,413.57,,596.94,,,,762.78,-389.63,894.91,,,,,889.73,,,108.32,,924.33,,,-40.69,,776.16,-189.06,821.77,428.32,499.34
,901.74,760.66,,214.75,349.04,47.03,,,27.37,-154.56,,,,-500.47,,-764.27,,,,137.68,,,285.95,-929.14,,-23.47,,-342.9,,,-627.68,,,,,,,,,,-547.81,,,,,-782.61,,-676.33,
,,-603.07,,,,802.0,,,,-468.4,,599.64,-350.22,763.53,,686.13,,,,,,,-526.99,-315.72,474.86,,,,-504.51,,,,728.33,-505.29,-603.18,619.9,4.67,,182.39,-541.23,,,858.2,,-818.13,,,,-537.14
,,,-391.42,,,,,,,,,-576.04,,-798.48,,-272.84,,,,723.95,,-277.23,57.72,,-579.93,,-739.03,-759.29,824.35,-619.13,851.0,,,,979.29,,-912.38,,-494.95,706.88,950.25,-103.04,821.7,,,7.74,,393.41,
,588.78,481.43,,740.51,-668.96,-231.7,-198.3,,,,,758.31,-89.12,50.15,,,104.3,,,,,,854.5,,284.83,,69.19,,,-261.78,,98.55,-183.31,-350.73,,647.86,,-646.53,74.78,556.37,-787.11,-236.04,740.05,101.76,-558.72,,615.47,-688.72,
-262.72,-812.62,,,-622.28,,295.13,,,,,-861.09,,,940.77,,,615.99,-244.25,,526.89,-912.52,,,,-973.01,915.24,,-323.22,-595.36,,-111.35,,,,,254.97,,-794.37,,,-716.33,-952.0,,,-548.23,-230.51,645.57,,
,,-285.38,-763.3,839.75,209.01,,,358.87,,-396.87,-303.23,,323.46,621.44,-847.26,,-702.71,-359.49,,571.09,,,919.17,,,-636.26,,,,-172.11,-333.07,307.91,,,,,,-230.75,-156.32,387.0,406.19,,,-965.69,915.23,-880.85,,733.55,-410.61
,943.64,-515.01,-888.27,,407.93,,,-256.63,325.49,,740.95,,,,,627.42,,,496.21,-400.98,,,390.49,,,-935.76,6.59,,359.81,108.31,838.3,,-152.66,,43.0,-749.73,,-562.19,,118.59,633.12,,,654.51,,293.29,,,
693.22,,,,,513.04,,276.78,,,129.59,580.45,,,-983.04,,,,,451.38,405.31,,,-797.99,-699.63,-235.78,704.05,,,,-813.42,768.8,308.44,-677.91,32.6,302.79,-317.17,-321.96,,-138.2,548.35,,,-850.0,,-4.95,-714.75,94.27,562.89,
,,-677.06,,,,,-484.11,,,300.58,,,-920.81,-198.12,834.28,,,904.09,,11.88,,365.11,287.73,-510.37,-984.11,-418.68,,,,,,,,800.25,,,834.92,536.43,,,,-27.41,-47.56,,,,,-359.63,
-239.43,-277.01,,,,905.29,-460.3,-832.82,,,,742.58,,-481.11,-815.12,-315.96,-670.93,,,,-678.62,-290.62,-221.72,,194.26,,233.02,,877.94,473.44,,,,,-772.79,-187.23,,,,-748.57,,-805.11,,-159.65,,,,,943.49,-971.26
-967.62,4.17,398.63,-88.01,,,,,-773.24,,,,85.53,,377.1,,,850.27,990.73,-792.38,232.52,,,854.46,,,-934.73,,,,,,,,,828.06,,407.67,-984.79,,,,-471.0,590.28,,,-170.89,,,
640.07,-329.82,985.66,,-614.68,657.1,155.71,,954.71,,34.55,,,8.51,568.56,254.64,,897.4,,,,186.58,,841.19,,,-738.9,,-283.76,,-406.15,,,572.1,318.52,,254.88,158.71,,,-785.85,,-814.45,,,-218.4,,,,-847.37
-249.49,,617.1,,,,213.31,,987.48,,92.97,,853.17,,,,,,-770.42,,,,879.7,,,-302.89,-411.36,-8.4,,,,,774.63,,,532.9,,907.52,,-152.53,631.78,214.59,,-252.08,-871.47,,,,-413.05,290.2
-295.49,,,,-284.51,,-256.07,-755.39,,,,,797.49,-228.82,54.52,,,766.72,-850.35,-156.5,-364.43,,,-2.7,-157.53,,,,,-429.93,712.21,823.29,,-194.38,836.07,,-861.09,,446.51,,-199.31,-373.65,-213.35,-90.84,934.31,,,-941.42,,
,,-128.64,,,-262.24,979.13,736.03,,-778.39,-849.92,,624.97,,,,,,506.07,931.67,,,,,322.54,-356.18,-548.34,,,,745.74,470.54,,,-879.47,,,-624.17,,,55.29,520.98,,,,,-562.43,,735.72,
-624.09,,,,296.77,,490.05,,-625.94,,-94.72,,-831.87,,,,,,,,464.0,,,,59.13,,,292.69,-560.84,,,,,,,431.65,,,759.06,,,-304.73,,467.76,,,-46.48,,-522.76,
,,-716.33,,,,,,,706.18,939.08,-23.39,,,134.53,670.72,,,,,,-94.77,979.59,,,,,,782.74,713.91,191.49,,456.43,,712.53,-716.73,,,946.58,,-612.32,277.47,754.29,798.44,,53.81,,775.99,,
-381.35,,,,-133.08,,584.68,,-2.15,-67.37,,247.59,-392.71,,-968.82,,,-893.61,,,-998.72,,,,330.65,-689.93,,,-606.55,-838.56,,,,274.09,,-803.72,,,,357.85,,366.64,,,-397.88,,256.64,,,-126.21
,,,425.2,,,,,,914.98,,230.42,,,,,,-413.31,-214.68,,,749.82,,,,299.76,,,,,,,348.83,-893.96,,,-9.39,,704.51,,,-987.1,,-770.58,,-757.93,,,,-112.37
,,,640.54,93.44,362.64,234.32,,-630.38,314.93,,93.36,,,918.18,,-217.62,-785.33,,,,,-977.96,,786.44,-914.74,925.59,,-446.19,-284.5,6.41,,-218.75,,-296.27,-321.42,573.39,,-394.14,,290.27,,,152.08,550.8,,,,-303.81,-192.45
,-681.64,,,-47.17,962.66,465.29,,-652.0,511.63,,,-771.05,-854.24,213.07,847.1,,-244.74,147.56,,,,,,,617.34,,258.23,-592.92,786.58,,,,,,821.98,-7.65,140.74,,,117.39,,,,,,,-403.55,,
-338.16,,844.55,,-864.09,936.23,,706.39,0.09,,,-778.25,,-473.89,,,,,-721.42,,848.35,756.54,,,808.65,531.15,,899.82,224.87,,893.2,,,,,-136.97,,942.93,,,622.73,,363.88,104.99,,390.88,,,,
965.07,,,,,,-545.75,776.67,136.1,-970.2,625.24,,,,,,-511.51,,-42.6,,,,,,-286.08,-559.43,882.85,-414.63,53.69,,6.89,,411.0,-440.43,,,-538.93,-578.46,,-716.08,396.68,-92.47,,,,,,-831.01,,-9.29
-230.67,,,,,,,,,,786.34,814.9,181.92,-318.11,-131.85,,470.83,,,,355.94,875.95,,136.61,,,,849.32,,,901.93,,,,,,-276.61,564.85,216.0,,-358.02,,,,,,-39.58,-564.32,,-447.11
-371.95,,,-447.71,-745.56,-706.2,-900.84,,,721.14,-916.09,-878.37,-481.89,,714.98,,201.16,,,,,,,,-168.06,751.71,,,-330.03,,-58.63,243.83,,,823.75,,616.07,,16.36,-311.89,,-934.8,-237.82,-843.11,,-550.84,,96.47,,695.19
,,,,,,-413.87,,,-276.07,,-769.17,,760.45,,,,306.66,-102.06,,653.57,,,-184.77,-723.72,,,,,,152.02,545.29,752.81,,,,860.25,-747.2,,,979.87,,837.25,-291.26,,423.97,,796.71,233.26,-909.52
-290.08,,,,-421.42,,,,832.68,-832.42,187.11,,-241.25,,,889.54,,,,794.6,688.13,,,,,,469.25,-578.64,,230.95,,,,,,-423.04,977.61,849.03,-717.99,,509.73,,919.71,,-986.67,-948.45,,142.33,41.79,-410.12
,689.49,,,,986.15,-767.07,,,454.72,,,,25.69,413.62,,-133.24,588.39,,322.26,-928.73,-984.06,,,346.7,,,467.12,,,901.67,498.89,,,-582.91,,,,,275.43,,-639.87,,,,,-215.58,,,
,509.92,,-349.21,-768.36,,,,409.64,-32.52,-21.65,,,,,565.66,,-476.79,,,,,-463.37,-320.32,-382.98,,-666.93,,895.76,-340.63,-960.16,604.83,,824.46,105.79,37.3,,,,,-541.33,821.31,,,880.03,,,-794.96,,
,,,-505.38,,,310.55,,-460.0,,,524.77,,,209.74,,585.24,,-375.62,,,,,,,-57.2,,,121.99,,66.41,,,,,,,,,-205.3,,,285.64,,951.63,,,-20.38,,
-52.97,133.28,,-495.95,,,,,-186.93,,510.08,91.18,,-356.32,28.86,985.51,,,-248.63,-675.81,-667.61,,-921.88,,,-25.61,94.17,,,,,353.37,,-256.74,-716.96,,,428.95,,,,854.16,704.79,,,-980.36,,,,-376.32
,75.46,,,,,,-547.94,855.76,,736.19,-388.5,-193.46,,,-845.05,,-440.03,,,174.63,-339.68,184.34,,742.67,-53.19,,978.17,,-707.02,,-353.32,-895.62,,,-345.82,,,-245.38,,,,,,684.38,890.98,422.7,120.97,,370.74
-129.17,,,,,456.98,,995.8,-235.09,,-978.66,,,,,,,,213.55,,,,,-493.92,942.28,726.37,994.46,-19.4,,501.17,-923.61,,-693.62,741.83,,,-887.9,-875.35,,,-611.64,-966.65,696.46,,811.45,888.6,,-193.65,339.28,
3.05,-832.06,,,,,,675.72,,,,,392.58,-73.99,,,-628.68,931.53,577.47,,,,-506.54,284.63,-617.83,-734.53,,-643.99,,,,,-645.78,,-470.91,,-302.28,-100.65,663.46,,-228.64,,,-306.16,592.54,,7.53,588.59,,-483.57
,,,-627.15,,-255.43,,-932.3,258.94,-984.2,,,-799.58,-387.45,,,,-87.11,-130.06,,-494.85,,,-399.65,754.87,801.73,,,907.96,,,,773.19,885.69,,503.7,,,940.65,,602.98,,,,,-397.44,,,,
,691.34,,,,,397.56,336.87,412.45,-808.35,,-732.95,796.04,460.74,,,,,172.86,,535.69,,,221.13,829.17,-723.84,,,,,-148.58,,,-930.35,-156.53,,668.46,,,-797.19,607.1,,,-232.02,,,-196.59,-394.09,,207.27
-99.46,,,,,,961.47,,,-699.23,,180.31,,455.26,,,,,,,372.78,,,,85.5,,,,,191.56,,,-502.75,,,265.84,,,377.98,,669.84,47.12,,,,,275.63,-236.17,-842.47,498.53
,,-486.28,765.85,-133.13,,,,,,-512.5,-251.53,,-126.11,556.62,,209.25,356.42,,,,,,,951.8,,,,,,,653.95,269.55,,,-974.87,,,,,-578.73,345.97,,,935.45,122.65,,,-261.62,
,-940.87,-666.53,,,-953.18,112.88,,,-736.61,699.34,,,141.49,,,468.92,,,-163.64,-361.19,,,920.48,-364.45,,,-10.33,,-101.09,-644.75,,,,,,-233.29,948.49,,237.75,,997.82,464.3,-349.96,,-56.17,,,767.02,104.11
700.62,,,-649.58,842.77,,,-585.99,,,979.43,945.61,,,-337.48,-681.47,,-986.23,,734.13,724.34,,,,-758.04,294.18,,,,-414.07,,537.52,,23.12,-142.82,,,,507.16,,,,,591.11,,,-851.86,-16.85,,
,,399.12,188.86,-703.95,,,,,,-683.4,-49.43,,,390.17,,,,-943.99,,,-481.16,490.91,-188.31,-659.18,,,-371.41,,-29.51,,,,-971.53,-315.27,,,,578.55,-287.0,,812.6,691.49,48.24,,,-203.02,,,
69.51,745.23,-888.05,-504.06,,379.4,-509.83,-87.87,,103.95,,,-872.66,45.12,,,162.54,,,-362.28,-607.15,,,,,,,163.43,-776.95,554.79,,228.83,,,202.71,,,,,-400.73,-501.96,,-382.39,,891.39,,,-58.99,,
,,-113.6,77.18,,525.71,,,,,,,142.02,,,571.62,220.25,,962.31,577.5,-461.23,-56.04,-392.76,,,,-100.58,,,,-191.84,-292.78,949.97,-961.04,-582.78,-410.41,,,-348.63,-601.1,,,-786.33,,,,-60.26,-908.0,375.6,-25.92
,-249.96,,-447.91,,-777.94,,-350.91,-172.45,,,,,,,525.57,,,,,-863.99,422.81,,810.21,,-631.72,,,,408.12,,-953.72,,,,,,,24.52,,,,,580.28,,268.75,130.61,561.18,,692.6
,220.06,503.81,-138.11,,,477.87,-853.95,-320.38,,640.42,,,-987.29,-962.26,,,,,-346.76,,539.86,-290.71,734.49,,-587.71,,,689.4,80.15,-345.08,,,,,,,-565.53,,,-120.72,-249.77,,479.83,,,,,,-814.3
,449.04,,-759.28,,499.37,,,599.58,,,,,,-199.38,-290.64,673.07,,-398.61,-831.1,-220.63,,-450.57,-353.46,,,-744.1,,524.58,,732.69,-256.59,,,,930.6,620.64,,-781.22,,,,817.96,,,-336.84,-931.55,827.15,,
50.41,,,-815.75,-775.18,,712.28,,,273.71,,,-743.6,-268.83,432.63,,703.94,,,,-548.9,,,,-789.54,,,-342.75,336.71,,767.17,-736.59,,158.74,-931.55,-229.94,,,,,,-676.23,,-32.31,,633.98,-95.79,,91.76,
,847.77,,-489.43,-25.29,,336.03,,,,,929.51,,,,,-408.57,-385.94,,-834.07,9.45,,997.09,,-556.29,,-292.13,-696.46,50.09,-274.69,,61.74,,,,236.37,502.21,,219.33,-443.16,897.8,,944.02,-63.99,,-999.29,,-376.79,226.23,-881.56
,,529.19,901.82,,292.17,,,-858.94,-447.56,-753.06,888.68,,,521.17,,,,,-57.78,-402.36,,-91.27,,821.01,,,-237.0,-774.32,,752.48,588.91,-550.73,,206.63,-274.9,329.82,926.49,,730.33,,-448.27,,,,966.17,,,-514.51,
331.26,,417.06,674.82,,,-234.83,180.69,908.14,-765.05,-278.6,807.58,,,-305.39,704.47,45.53,626.32,555.26,-948.72,-951.71,-802.39,603.79,698.86,,-311.9,-502.6,,,,-473.65,-581.24,94.56,,,,689.44,-332.47,479.72,-544.86,-797.4,278.9,,,,,,-298.81,791.56,918.62
,,817.66,120.97,76.51,,-602.76,,753.87,,,65.66,,-792.75,629.15,-412.18,-835.58,-114.93,,,-452.42,,966.52,,,-568.06,,,,675.86,,136.17,,161.79,777.21,493.59,963.83,-472.89,,873.84,,,-731.01,972.51,,,,568.44,,
,208.18,435.13,108.15,-69.43,-893.6,-5.73,,-657.32,117.99,,,-704.24,-869.17,139.51,455.52,-18.38,885.5,-569.59,,,-338.93,751.94,-711.53,,-371.08,,424.23,,,227.7,,465.11,,517.64,,,-10.05,,,148.01,-225.1,,-722.98,,,,758.13,,
,,266.01,,47.73,,964.02,,,,58.24,,,,126.73,911.42,,-636.43,,,825.23,147.97,412.74,-645.02,,-939.32,,,881.41,-376.67,,,,,-4.7,994.68,875.64,95.96,,,,-323.31,,,-623.32,,,842.25,819.34,678.12
,,-358.89,,63.85,,,,,,,-147.36,,,,,219.33,,541.48,397.8,,,-385.76,800.55,,478.51,,,,,-895.13,747.41,47.97,,,821.32,,784.71,-854.07,,,-968.81,-587.94,848.62,,,662.61,974.17,-256.43,-910.49
,,763.89,,727.49,-590.25,473.27,,-168.23,,,633.45,,253.07,,-101.74,-554.05,-769.44,-22.93,,,-487.0,861.24,,,,-783.02,,768.05,109.5,,,-62.09,,,-631.04,612.82,,-123.78,,-917.9,533.58,,,,897.18,,843.68,,
-217.38,,,,,,-122.26,-861.23,,,-713.27,-886.57,-180.15,,-660.17,-259.26,,,,,627.41,-760.72,,127.28,,821.62,289.58,,-100.66,365.76,-309.71,-90.03,-693.72,,,,-651.29,998.28,-263.84,,-712.03,,83.0,,,-294.12,-157.72,,-112.21,
,,,-588.17,,,,318.65,800.71,,-183.58,-572.97,,,-399.36,549.16,-898.23,,-686.56,,,,,-228.06,-453.36,126.73,,,-604.38,,,-738.89,-367.57,224.65,751.83,573.92,,,-894.49,-373.41,-593.99,,,-274.12,166.9,-49.83,-420.52,,801.63,
,,-683.44,-60.86,379.93,952.25,-706.71,,-728.8,,,,,635.9,169.78,,940.59,133.57,975.63,-862.22,,,,,581.94,923.15,,897.52,,598.64,,-164.52,,-615.95,,,-20.78,-895.98,,,,,,519.53,,,-738.7,248.34,-961.58,
-239.97,,393.71,,707.25,-185.61,,438.23,-22.34,,837.55,,-362.77,,,612.45,,,,,557.75,-980.71,,740.32,-687.51,742.7,,572.26,,,-600.96,-837.69,,-992.32,-533.85,,,,,,,210.92,,,730.02,,,,,
,,399.93,-848.44,,,-675.15,184.62,13.31,,,470.89,,936.28,,-870.69,,,239.69,-840.1,432.22,,-823.54,832.67,,356.39,,,-98.43,-39.1,,-373.05,-619.43,-914.6,,,,692.96,-72.75,-95.65,,-160.81,,,,264.39,,,323.54,
-632.18,,,,,,,,98.66,,,-134.29,-680.36,-880.48,-866.19,,,,,607.24,,,,,368.12,,,,,614.25,-260.86,-873.75,,,,,,-374.93,945.06,109.99,-337.88,,,,942.27,,-525.96,-22.82,,
,,247.21,,,781.82,-467.99,,582.56,,,-881.96,,-345.57,-34.89,,,,209.54,,291.68,195.17,,470.99,,-435.09,-154.02,-978.17,,,,524.75,,,-704.77,110.53,516.92,,,,-93.33,,,-752.17,105.15,,,100.25,292.66,
,-930.93,,137.06,-888.28,-736.27,,,,,-529.97,944.64,,,-15.09,,,-208.02,,628.73,,,-478.49,,115.37,,-548.96,,,,,1.17,,340.53,,-15.55,394.25,-919.74,-582.33,-985.7,163.17,,-671.64,,,488.51,,21.76,,
-331.03,,,,,,302.82,,,,,485.63,-599.71,494.55,348.41,635.72,,,133.69,-495.33,,,,,,,439.94,,,841.64,,590.01,875.65,,,,,,,,,,922.42,,,941.88,-254.36,,-405.06,
,,,966.57,-759.35,904.85,760.58,-650.84,,-89.51,389.84,,,-873.43,-569.05,,,,,,,,313.22,752.75,437.74,,,926.38,,620.71,-911.75,714.0,405.89,431.14,-426.97,,,89.18,,452.4,,,-186.0,-255.78,534.63,,778.86,-184.35,-827.11,
,290.93,,,779.48,,965.43,,,489.59,147.39,584.56,-207.3,761.45,87.99,,-490.57,884.58,368.02,-21.64,,-253.36,46.24,-561.86,,,-787.15,-92.69,790.47,,,9.02,,,,-516.33,,83.93,,-952.99,,,,-857.33,,-156.16,,,-399.57,
,,-43.12,-916.25,,,,,722.35,,,,240.46,,-19.38,,,,-50.26,,,431.22,-90.63,-517.24,-931.32,,709.28,,,,,561.67,-111.14,,,-223.64,307.4,,396.43,,-413.22,,,,,,-601.75,,,613.61
544.93,,,,691.08,,,823.31,,,893.34,-123.81,,-958.92,,269.66,,,,-155.49,,,-284.71,,813.23,-757.98,,329.28,,-253.37,,,-628.98,,-535.5,,,-977.61,,-774.49,171.15,,-725.88,721.17,-622.67,,,,,82.81
-707.78,,,-864.01,,132.31,,679.54,,,,,,561.26,,861.56,,733.87,-745.35,580.94,292.08,-685.43,-424.74,-134.52,,,,-708.87,-260.96,,,834.22,,,,,22.88,,376.9,846.91,322.02,-61.34,,,,,-496.81,,,
,,814.44,-302.97,,35.34,,,,536.63,-721.44,-409.97,-277.03,,,163.5,,752.29,-588.53,660.78,,-6.09,,,,74.82,,-494.93,626.23,-993.47,,855.61,,167.17,,-601.62,,,190.54,,,,,,-891.0,-445.29,,,851.5,-590.21
133.13,,,-445.65,,,141.23,,681.54,,-366.56,,650.24,,908.95,,957.34,,,,-558.05,,,,,,,,199.43,,,,,-114.94,-231.05,-239.67,,,-16.96,47.87,,,676.44,-254.08,201.91,-244.67,-585.74,,,
,,-60.57,,-511.85,-95.51,-222.26,,,,818.38,,,,,-42.94,,290.02,620.28,958.32,,-820.05,-815.25,-899.87,,-93.8,,-442.97,-541.82,,,,,,568.53,883.02,,,789.84,,-609.23,-865.24,,-642.54,,,446.42,,-508.71,
532.7,,,,,,,,,668.56,-441.45,,,,,509.03,,,,,355.05,,,,,886.57,,436.71,503.26,,,,,-586.21,-265.0,,-175.17,,,,,,,-705.66,581.05,298.14,,,,
,,,,-73.4,,,794.08,-409.16,,,,-133.24,-290.45,,,737.26,,,,-668.11,-708.12,-460.78,,,,,,-79.42,-430.15,,,,,,-927.69,457.33,-865.42,865.9,,-120.28,-465.79,,-813.62,,,,,-611.01,-164.82
-696.71,,,-998.87,,-468.98,,,,849.64,,,,233.6,701.19,-483.83,778.34,-338.8,53.42,670.72,365.2,556.59,,-132.25,,-398.86,982.63,,603.35,,110.03,-562.09,-71.3,,,,,-161.42,,,,,-867.36,,-128.75,-691.91,,,-763.55,
-16.28,176.85,,-427.06,-670.21,,,,,,-983.02,,,,616.2,983.67,,,,-266.47,653.51,,-919.14,-339.72,,976.37,642.86,,,,-784.92,230.87,,-431.11,,-480.04,399.89,,378.06,,330.02,620.54,,,,-197.81,-529.75,-381.35,,
,,,-764.56,,,,,375.45,437.28,,,885.16,175.34,-580.46,,,,,,,-495.64,,,-205.02,-352.84,,,-155.3,,133.14,-985.12,908.58,,,-703.66,-519.95,914.13,441.57,,263.08,600.42,,,,2.15,,,473.09,
,987.26,224.45,,600.56,,94.25,,-910.97,,,583.68,,858.1,217.52,,,-101.46,,-922.58,,-491.72,,,,-101.5,,,604.78,,93.09,,,589.26,-387.59,-897.61,-573.17,-424.89,,,121.51,,,,-840.65,893.16,,,-483.61,343.62
,-591.81,,,-381.02,,,,746.44,-993.34,,588.85,930.29,,,,559.08,,,-443.4,,-293.52,,,450.63,240.68,532.97,-675.42,,,-611.66,514.63,,,,-792.86,,-575.28,,546.93,-866.2,-546.5,825.77,,-225.45,-601.77,,,,
867.84,-168.93,939.17,-829.55,189.3,-767.01,,,451.81,,-935.04,-365.87,,-413.1,-890.17,,-726.16,,,,,,,,,,,,-344.49,739.01,205.81,-274.94,,,,-634.76,,-536.96,,100.42,,623.15,,380.96,,-404.91,504.6,,-159.66,-461.9
,,176.61,,,,,,,122.38,-835.98,,138.03,261.68,,,-661.26,727.65,,-989.43,,,552.52,,,,,-615.06,,,,821.49,,,-750.7,,-4.65,-188.91,,,,,-760.05,-735.1,,489.76,368.14,,,149.15
434.47,-972.48,,,,571.19,-349.78,,360.63,,,-586.44,,716.23,-20.17,-125.1,,,,667.38,48.56,,,,,,-53.53,-869.41,,,,,678.94,-460.72,,,,290.44,,103.49,-710.62,,,,,32.96,,,,-785.76
-495.8,,862.74,148.83,843.65,954.9,,-345.25,107.74,-997.08,,,,-497.66,172.38,339.67,130.43,,,780.51,,-286.24,64.97,,,379.46,,-537.39,-590.08,,-854.79,951.85,,,-563.06,,,-181.72,286.04,786.21,,223.55,,,492.84,-517.58,,,,457.33
-20.9,591.44,-799.81,,,-999.81,869.31,112.57,,961.41,334.6,,-531.56,,,-604.71,,,,-937.02,448.12,,522.19,-136.35,667.24,,,,,,-159.29,,,,,,-667.62,427.44,61.73,183.37,171.24,,,188.54,-568.82,,,-109.85,,852.43
